#count	frequency	CDR3nt	CDR3aa	V	D	J	C
87	1.338462e-01	TCTACATACTACGGGTATACCCCCTACTTTGATTACTGG	partial	*	*	IGHJ2*01	IGHM*01
69	1.061538e-01	CAGTCACTGTGGTATATTTTC	partial	*	*	IGLJ1*01	IGLC
34	5.230769e-02	TTCTGTGCAAGAGACTATAGCAACTATCAGGACTGGTACTTTGACTTCTGG	FCARDYSNYQDWYFDFW	IGHV1-24*01	IGHD1-2*01	IGHJ1*01	IGHM*01
26	4.000000e-02	AGCCGGAGGTGGTTTGCTTACTGG	partial	*	*	IGHJ3*01	IGHD*01
18	2.769231e-02	TGTCAACAGGGTTACAAGTATCCGGACACGTTT	CQQGYKYPDTF	IGKV12S11*01	*	IGKJ2-2*01	IGKC
18	2.769231e-02	TGTGTTCATACTCGGTACTACAGTGCATATTACTGGTACTTTGACTTCTGG	CVHTRYYSAYYWYFDFW	*	IGHD1-1*01	IGHJ1*01	IGHG1*01
13	2.000000e-02	TTCTGTACCAGAGAATCGTGGTACTTTGACTTCTGG	FCTRESWYFDFW	IGHV2-15*01	IGHD4-3*01	IGHJ1*01	IGHD*01
12	1.846154e-02	GGGGATTACTATGTTATGGATGCCTGG	partial	*	*	IGHJ4*01	IGHM*01
11	1.692308e-02	GCAACCTCTGGGAGCTACTGATACTTTGACTTCTGG	partial	*	*	IGHJ1*01	IGHM*01
11	1.692308e-02	TGCTACCAAGGTACACATTATCCGTACACGTTT	CYQGTHYPYTF	IGKV1S30*01	*	IGKJ2-3*01	IGKC
9	1.384615e-02	CCCCCTCTACGGAGGGTATACTACTTTGATTACTGG	partial	*	*	IGHJ2*01	IGHM*01
8	1.230769e-02	TGTGCTCGGATAGGGGGCGGCTCTACGGGTATACGGGTCTGGTTTGCTTACTGG	CARIGGGSTGIRVWFAYW	IGHV8-20*01	IGHD1-4*01	IGHJ3*01	*
7	1.107692e-02	TGTCTACAGGGTTATAGTGCTCCGTACACGTTT	CLQGYSAPYTF	IGKV12S16*01	*	IGKJ2-3*01	IGKC
7	1.076923e-02	GTCTGGGCGGGGGGCTTTGATTACTGG	partial	*	*	IGHJ2*01	IGHM*01
6	9.230769e-03	TGTTCTCTGCTGTGTCTTCTGTGCACCCGAGTTTGCTGG	partial	IGKV4S15*01	*	*	IGKC
6	9.230769e-03	TGTCTACAGGGTTCCAAGTTTCCGTACACGTTT	CLQGSKFPYTF	IGKV12S38*01	*	IGKJ2-3*01	IGKC
5	8.307692e-03	TGTCAACAGGGTTACAAGTATCCGTACACGTTT	CQQGYKYPYTF	IGKV12S11*01	*	IGKJ2-2*01	IGKC
5	7.692308e-03	ACAGGGGACTACGGGTATACCCCCTTTGATTACTGG	partial	*	*	IGHJ2*01	IGHM*01
4	6.153846e-03	TGGAGAGATAATTCGGGGTTTGATTACTGG	partial	*	*	IGHJ2*01	IGHM*01
4	6.153846e-03	TGTCTACAGTATGATGAGTATCCGTACACGTTT	CLQYDEYPYTF	IGKV14S9*01	*	IGKJ2-3*01	IGKC
4	6.153846e-03	TGGTGGTACAGACAGTATTCTGGGAAAAGCCCCAAGGCCCTGATGTCCATCTTC	partial	IGLV1S1*01	*	*	IGLC
4	6.153846e-03	TACTGTACAACAGAGGGAACTACGGAGGGTATGGGGTTTGCTTACTGG	YCTTEGTTEGMGFAYW	IGHV5-20*01	IGHD1-11*01	IGHJ3*01	IGHD*01
4	6.153846e-03	TGCAGTGGTTTTACCAGAGTCCTGG	partial	IGHV6-16*01	*	*	*
4	6.153846e-03	TATGATGGTTATTATCACCCGCCGGAGTACTGG	partial	*	*	IGHJ2*01	IGHM*01
4	6.153846e-03	ATCTTTTTTAACTACGGTAGCTACGACTACTTTGATTACTGG	partial	*	*	IGHJ2*01	IGHM*01
3	5.538462e-03	TGTCAACAGGGTTACAAGTATCCGAACACGTTT	CQQGYKYPNTF	IGKV12S11*01	*	IGKJ2-2*01	IGKC
3	4.615385e-03	TTACTATGATGGTACTTATTACCCAACTACTTTGATTACTGG	partial	*	*	IGHJ2*01	IGHM*01
3	4.615385e-03	CAGGACTACGGGTATACCTACTGG	partial	*	*	IGHJ2*01	IGHM*01
3	4.615385e-03	AAACATCTAACTGGGAGGTACTTTGATTATTGG	partial	*	*	IGHJ2*01	IGHM*01
3	4.615385e-03	TACTATGGGTATGACTACTTTGATTACTGG	partial	*	*	IGHJ2*01	IGHM*01
3	4.615385e-03	TGCCAGCAAAGTGATAACGTGCCGTACACGTTT	CQQSDNVPYTF	IGKV17S1*01	*	IGKJ2-3*01	IGKC
3	4.615385e-03	GATGGTTATTATCACGTAGGGTACTTTGATTACTGG	partial	*	*	IGHJ2*01	*
3	4.615385e-03	TGTCTGCAGCATAATGAGTATCCGTACACGTTT	CLQHNEYPYTF	IGKV14S18*01	*	IGKJ2-3*01	IGKC
2	4.307692e-03	TGTCTACAGGCTTATAGTGCTCCGTACACGTTT	CLQAYSAPYTF	IGKV12S16*01	*	IGKJ2-3*01	IGKC
2	3.076923e-03	GCGCCTAACTACTTTGATTACTGG	partial	*	*	IGHJ2*01	IGHM*01
2	3.076923e-03	TGTACCAGGGGCTTTATGTATACTACGGATTATTCCCTCTTTGCTTACTGG	CTRGFMYTTDYSLFAYW	IGHV2-13*01	IGHD1-6*01	IGHJ3*01	*
2	3.076923e-03	GGTACTTATTACTACGGGGGCCTTTTTGATTACTGG	partial	*	*	IGHJ2*01	*
2	3.076923e-03	ACAAGGCGTTACTATGATGGTACTTATTACTACGGGTGGTACTTTGACTTCTGG	partial	*	*	IGHJ1*01	*
2	3.076923e-03	CTGAGGGTTATGGATGCCTGG	partial	*	*	IGHJ4*01	IGHM*01
2	3.076923e-03	TTTTGTGCTATCCTCGGGGACTACTTTGATTACTGG	FCAILGDYFDYW	IGHV1-11*01	IGHD4-6*01	IGHJ2*01	IGHM*01
2	3.076923e-03	GCTCGGATCACTACGGAGGGTATAGTGAGAGGGTTTGCTTACTGG	partial	*	*	IGHJ3*01	*
2	3.076923e-03	CAAATTGGGAGAGGATACTTTGATTACTGG	partial	*	*	IGHJ2*01	*
2	3.076923e-03	TGTCTACAGTACGATAACCTTCCGTACACGTTT	CLQYDNLPYTF	IGKV19S2*01	*	IGKJ2-3*01	IGKC
2	3.076923e-03	TGTCAACAGAGTTACAGCTTGCCCTACACGTTT	CQQSYSLPYTF	IGKV5S2*01	*	IGKJ2-3*01	IGKC
2	3.076923e-03	GAGTTGGATACAGACTACTTTGATTACTGG	partial	*	*	IGHJ2*01	IGHM*01
2	3.076923e-03	TTCTGTACGGGAGCAGCTGCGGCTTACTGG	FCTGAAAAYW	IGHV2-1*01	IGHD1-2*01	IGHJ3*01	*
2	3.076923e-03	GGCTATGATGGTACTCCCTGGTACTTTGATTACTGG	partial	*	*	IGHJ2*01	IGHM*01
2	3.076923e-03	TACTGTACTCTTTATAACAACTACGGGTGGTTTGCTTACTGG	YCTLYNNYGWFAYW	IGHV8-16*01	IGHD1-10*01	IGHJ3*01	IGHM*01
2	3.076923e-03	TACTGTGCAAGACATGAGGATGGGTGGTACTTTGACTTCTGG	YCARHEDGWYFDFW	IGHV5-17*01	IGHD1-12*01	IGHJ1*01	*
2	3.076923e-03	TGTCTACAGGATTCTGAGTATCCGTACACGTTT	CLQDSEYPYTF	IGKV12S30*01	*	IGKJ2-3*01	IGKC
2	3.076923e-03	GAGGCCGGGTTTGCTTACTGG	partial	*	*	IGHJ3*01	IGHD*01
2	3.076923e-03	TACTGTGCAAAAATGGTGGGAGATTACTGG	YCAKMVGDYW	IGHV5-54*01	IGHD4-2*01	IGHJ2*01	IGHM*01
2	3.076923e-03	GTCGGGGTAGGGGGCTACTTTGATTACTGG	partial	*	*	IGHJ2*01	*
2	3.076923e-03	TGCCAGCAGTACTATAACTTTCCGTACACGTTT	CQQYYNFPYTF	IGKV8S4*01	*	IGKJ2-3*01	IGKC
2	3.076923e-03	CTACAGTGGTACTACTTTGATTACTGG	partial	*	*	IGHJ2*01	IGHM*01
2	3.076923e-03	TATTGTGCAAGAGCGGCAACTACGGATTACTGG	YCARAATTDYW	IGHV4-2*01	IGHD1-6*01	IGHJ2*01	IGHM*01
2	3.076923e-03	TGTCAGCAGCATTATGATACTCCGTACACGTTT	CQQHYDTPYTF	IGKV8S5*01	*	IGKJ2-3*01	IGKC
2	3.076923e-03	TCCTTTGGGTACTACAGTGCCCCCGGTTGGTTTGCTTACTGG	partial	*	*	IGHJ3*01	*
2	3.076923e-03	AGCAGCCGGCTTGATTACTGG	partial	*	*	IGHJ2*01	IGHM*01
2	3.076923e-03	TATTGTACAAGGGCCTGGAGAGGTTACTGG	YCTRAWRGYW	IGHV10-11*01	IGHD4-2*01	IGHJ2*01	*
2	3.076923e-03	GGGTATAACCCCGAGGGGTTTGCTTACTGG	partial	*	*	IGHJ3*01	*
1	2.307692e-03	CACTCTCTGCTGGGGCTTCTGTGCACCCAGGTTTGCTGG	partial	IGKV4S15*01	*	*	IGKC
1	2.307692e-03	CACTCTCTGCTGTGTCTTCTGTGCACCCAGGTTTGCTGG	partial	IGKV4S15*01	*	*	IGKC
1	1.538462e-03	AGAAGGGGGTACTACTTTGATTACTGG	partial	*	*	IGHJ2*01	*
1	1.538462e-03	ACAGCTTACAGGGGGGGCTTTGATTACTGG	partial	*	*	IGHJ2*01	*
1	1.538462e-03	AGTGGTGCTGCCGATTACTGG	partial	IGHV2-65*01	*	IGHJ2*01	*
1	1.538462e-03	TGCCTGCAGCATTACAGCTCTCCGTACACGTTT	CLQHYSSPYTF	IGKV8S9*01	*	IGKJ2-3*01	IGKC
1	1.538462e-03	TGTCAGCAGCATTTAGACATTGTACACGTTT	out_of_frame	IGKV8S11*01	*	IGKJ2-3*01	IGKC
1	1.538462e-03	TACTGTGCCTCGTCTCCTGCGAGAGCCCCCTGTCTGATGAGAATT	partial	IGHV2-30*01	*	*	IGHM*01
1	1.538462e-03	TGTCAGCAGAGTAAGGATGATCCGTACACGTTT	CQQSKDDPYTF	IGKV3S5*01	*	IGKJ2-3*01	IGKC
1	1.538462e-03	CAAAACTACGGAGGGTCCCCATACTACTTTGATTACTGG	partial	*	*	IGHJ2*01	*
1	1.538462e-03	AGAGATGAGTTTGATTACTGG	partial	*	*	IGHJ2*01	IGHM*01
1	1.538462e-03	TGGGAGCTCGGCTACTTTGATTACTGG	partial	*	*	IGHJ2*01	*
1	1.538462e-03	TCCCAGAGCGACTTTGATTACTGG	partial	*	*	IGHJ2*01	IGHM*01
1	1.538462e-03	TTCTGTGCAAGAGATGTATACTACGGGTTTGCTTACTGG	FCARDVYYGFAYW	IGHV7-14*01	IGHD1-6*01	IGHJ3*01	*
1	1.538462e-03	TGCTCTCTGCTGTGTCTTCTGTGCGCCCAGGTTTGCTGG	partial	IGKV4S15*01	*	*	IGKC
1	1.538462e-03	AAAGATCAAGCTTGGGACTACTTTGATTACTGG	partial	*	*	IGHJ2*01	*
1	1.538462e-03	TACTGTACAACGGACGCTACAGTGGTGACGGGGTGGTACTTTGACTTCTGG	YCTTDATVVTGWYFDFW	IGHV5-20*01	IGHD1-1*01	IGHJ1*01	*
1	1.538462e-03	ACAGATTCTTCCCTTTATTACTATAGCAGCTCACCCGGGGGGTTTGCTTACTGG	partial	*	*	IGHJ3*01	*
1	1.538462e-03	TGTGTGCAAGGTACCCATGCTCCGTACACGTTT	CVQGTHAPYTF	IGKV2S23*01	*	IGKJ2-3*01	IGKC
1	1.538462e-03	TTCTGTACCAGAGATCCCAGTATTCACGTGGGTGCTTACTGG	FCTRDPSIHVGAYW	IGHV2-15*01	IGHD3-8*01	IGHJ3*01	*
1	1.538462e-03	TGGGATTGGTTTGCTTACTGG	partial	IGHV5-33*01	*	IGHJ3*01	*
1	1.538462e-03	GGGACAACTACGGGGTACTACTTTGATTACTGG	partial	*	*	IGHJ2*01	*
1	1.538462e-03	TTAACTACGGAGGGTATAGTGACCTTTGATTACTGG	partial	*	*	IGHJ2*01	*
1	1.538462e-03	AGAGCCCCGTTAAGCAGCTATATCTACGACTACTTTGATTACTGG	partial	*	*	IGHJ2*01	*
1	1.538462e-03	TGCTACCAAGGTACACATTATCCGAACACGTTT	CYQGTHYPNTF	IGKV1S30*01	*	IGKJ2-3*01	IGKC
1	1.538462e-03	TGCCAGCAGTACTATAACTTGTACACGTTT	CQQYYNLYTF	IGKV8S4*01	*	IGKJ2-3*01	IGKC
1	1.538462e-03	TACTGTGCAAGGGTGGATTACTGG	YCARVDYW	IGHV5-17*01	IGHD4-2*01	IGHJ2*01	*
1	1.538462e-03	ACAACTAGCGGCTACTTTGATTACTGG	partial	*	*	IGHJ2*01	IGHM*01
1	1.538462e-03	TGCTACCAAGGTACGCATTATCCGTACACGTTT	CYQGTHYPYTF	IGKV1S30*01	*	IGKJ2-3*01	IGKC
1	1.538462e-03	TGTGCAAGCCAGTACTGGGAGCTCACCTTTGATTACTGG	partial	*	*	IGHJ2*01	*
1	1.538462e-03	AGCTATATCTACTACTTTGATTACTGG	partial	*	*	IGHJ2*01	*
1	1.538462e-03	TGTCAGCGTATTTACAATTCTCCGTACACGTTT	CQRIYNSPYTF	IGKV6S5*01	*	IGKJ2-3*01	IGKC
1	1.538462e-03	TTCTGTACCAGAAGATCCGGGGCTTACTGG	FCTRRSGAYW	IGHV2-1*01	IGHD1-2*01	IGHJ3*01	*
1	1.538462e-03	TTTTGTGCTAGACGGATAGCAGCTACCCCCTGG	FCARRIAATPW	IGHV1-13*01	IGHD1-2*01	IGHJ3*01	*
1	1.538462e-03	TACTGTGCAAACGGGAGGGGCTGG	YCANGRGW	IGHV5-58*01	IGHD1-11*01	IGHJ2*01	*
1	1.538462e-03	GATGGTACTTATTACTCTCCCTTTGATTACTGG	partial	*	*	IGHJ2*01	*
1	1.538462e-03	AACTATCCGGGTATAAAGGGGTACTACTTTGATTACTGG	partial	*	*	IGHJ2*01	*
1	1.538462e-03	GATCTCGCAATTCCGTTTGATTACTGG	partial	*	*	IGHJ2*01	IGHM*01
1	1.538462e-03	TACTGTACTTCAGGCGGAGGGTATAGCCCGTACTGG	YCTSGGGYSPYW	IGHV6-14*01	IGHD1-11*01	IGHJ2*01	*
1	1.538462e-03	TACTGTGCAAGACCCGGGTACTGG	YCARPGYW	IGHV5-17*01	IGHD4-2*01	IGHJ2*01	*
1	1.538462e-03	ACTATGATCCCTCTCGACTACTTTGATTACTGG	partial	*	*	IGHJ2*01	*
1	1.538462e-03	GCAACTACGGAGGGTATAGTGGACTACTTTGATTACTGG	partial	*	*	IGHJ2*01	*
1	1.538462e-03	ACTGTGAGATCGCCTCGGGATCATCAGGGGTTTGCTTACTGG	partial	*	*	IGHJ3*01	*
1	1.538462e-03	TCTACTATGATGGTTCCCTATTACTGG	partial	*	*	IGHJ2*01	IGHM*01
1	1.538462e-03	TACTGTACAAGACCCTTTGATTACTGG	YCTRPFDYW	IGHV5-46*01	IGHD1-1*01	IGHJ2*01	*
1	1.538462e-03	AGGGGAATGTATACCCTCTTTGATTACTGG	partial	*	*	IGHJ2*01	*
1	1.538462e-03	GGGTATACGCTCGATTACTGG	partial	*	*	IGHJ2*01	IGHM*01
1	1.538462e-03	TGTGAGCAGTACTTTGTCTATCCGTACACGTTT	CEQYFVYPYTF	IGKV8S7*01	*	IGKJ2-3*01	IGKC
1	1.538462e-03	TACTGTACATCAACTGGTCCCGACTACTTTGATTACTGG	YCTSTGPDYFDYW	IGHV5-20*01	IGHD1-1*01	IGHJ2*01	*
1	1.538462e-03	TGTGCAAGACAGAATGATGGTTATTATCGGGGGTTTGCTTACTGG	CARQNDGYYRGFAYW	IGHV5-17*01	IGHD1-12*03	IGHJ3*01	*
1	1.538462e-03	GCTATATCTCTATGGTACTTTGATTACTGG	partial	*	*	IGHJ2*01	*
1	1.538462e-03	TGTACCGTCGGGGTCTTTGATTACTGG	partial	*	*	IGHJ2*01	*
1	1.538462e-03	TACTGTGCCAGAGATCTGGGGGGTTACTGG	YCARDLGGYW	IGHV2-30*01	IGHD4-4*01	IGHJ2*01	*
1	1.538462e-03	TTCTGTACCCTCCGGTTTGCTTACTGG	FCTLRFAYW	IGHV2-1*01	IGHD4-2*01	IGHJ3*01	*
1	1.538462e-03	TACTGTATTACACACTACCCGGCCCCGGGGGTTTGCTTACTGG	out_of_frame	IGHV11-6*01	IGHD1-4*01	IGHJ3*01	*
1	1.538462e-03	AGCAGCTATTCGAACTTCTGG	partial	*	*	IGHJ1*01	*
1	1.538462e-03	TTCTGTACCAGATACAACGCAGGGTGGTTTGCTTACTGG	FCTRYNAGWFAYW	IGHV2S75*01	IGHD1-11*01	IGHJ3*01	*
1	1.538462e-03	TGTCAGCAGAGTTGGAATGAACCGAACACGTTT	CQQSWNEPNTF	IGKV3S5*01	*	IGKJ2-3*01	IGKC
1	1.538462e-03	CTTTATAACAACTACCACTTTGATTACTGG	partial	*	*	IGHJ2*01	*
1	1.538462e-03	GGCAATTGGTTTGCTTACTGG	partial	IGHV5-33*01	*	IGHJ3*01	*
1	1.538462e-03	CCCCACTACGGAGGGTATAGTGAGAGTGATTACTGG	partial	*	*	IGHJ2*01	*
1	1.538462e-03	TCCGGTACCTACGAGGATGCCTGG	partial	*	*	IGHJ4*01	IGHM*01
1	1.538462e-03	TGTCTACAGTCTATCCAGTATCCTGTACACGTTT	out_of_frame	IGKV14S14*01	*	IGKJ2-3*01	IGKC
1	1.538462e-03	GTACTTATTACCCCTTTTGCTTACTGG	partial	*	*	IGHJ3*01	*
1	1.538462e-03	GCAACAGGGGACGACCGGTACTACTTTGATTACTGG	partial	*	*	IGHJ2*01	*
1	1.538462e-03	TTTACCGCCGGCTACTTTGATTACTGG	partial	*	*	IGHJ2*01	*
1	1.538462e-03	TGCTGACTACGGAGGCCTCCGGGTTTTGCTTACTGG	partial	*	*	IGHJ3*01	*
1	1.538462e-03	TGTGCCAGAAGGCTGGGAGCGGGGTTTGCTTACTGG	CARRLGAGFAYW	IGHV2-30*01	IGHD4-4*01	IGHJ3*01	*
1	1.538462e-03	GCAAAAGGGGGCTATGATGGTTATTATCCCCACTGG	partial	*	*	IGHJ2*01	*
1	1.538462e-03	ACCCTACTGACTTGGGATTACTGG	partial	*	*	IGHJ2*01	IGHM*01
1	1.538462e-03	TGTCAGCAGCATTATGATACTCCGAACACGTTT	CQQHYDTPNTF	IGKV8S5*01	*	IGKJ2-3*01	IGKC
1	1.538462e-03	TGTGCCAGAGATTGGGCAAACTACCCACCGGATTACTGG	CARDWANYPPDYW	IGHV2-30*01	IGHD3-2*01	IGHJ2*01	*
1	1.538462e-03	TGCGTGCAAAGTACCCATGTTCCGTACACGTTT	CVQSTHVPYTF	IGKV2S23*01	*	IGKJ2-3*01	IGKC
1	1.538462e-03	AGTGGTGACCCCTTTGCTTACTGG	SGDPFAYW	IGHV1-24*01	IGHD1-1*01	IGHJ3*01	*
1	1.538462e-03	TGTGTGCAAGGTACCCATGATCCGTACACGTTT	CVQGTHDPYTF	IGKV2S23*01	*	IGKJ2-3*01	IGKC
1	1.538462e-03	TGTACAAGAGATCGGAGGGCGAACTACTTTGATTACTGG	CTRDRRANYFDYW	IGHV5-46*01	IGHD1-11*01	IGHJ2*01	*
1	1.538462e-03	TGTGCTATGCCCTGCTATAGCAGCTATATGGGATCCCTTGCTTACTGG	partial	*	*	IGHJ3*01	*
1	1.538462e-03	TGTGGACAGCTTCTAGAAAATCCGTACACGTTT	CGQLLENPYTF	IGKV2S17*01	*	IGKJ2-3*01	IGKC
1	1.538462e-03	CTCTTCCGATCTGGTATCCACCAGTTTGATTACTGG	partial	*	*	IGHJ2*01	*
1	1.538462e-03	TACTGTACTTGGAGGGCCTACTACTTTGATTACTGG	YCTWRAYYFDYW	IGHV6-14*01	IGHD1-1*01	IGHJ2*01	*
1	1.538462e-03	GGTTATGGGGTCTGGTACTTTGATTACTGG	partial	*	*	IGHJ2*01	*
1	1.538462e-03	TGTGTTTATTACTATAGCAGCTCTGTCCTTGCTTACTGG	partial	*	*	IGHJ3*01	*
1	1.538462e-03	TGTGCTCTTCCGATCTCGAGACAAGACGACTACTTTGATTACTGG	partial	*	*	IGHJ2*01	*
1	1.538462e-03	TTCTGTGCAAGACGGCGGATACGTACTACGGGTAATGGGTTTGCTTACTGG	FCARRRIRTTGNGFAYW	IGHV1-35*01	IGHD1-9*01	IGHJ3*01	*
1	1.538462e-03	TGTCTACAGTATGATGAGTACCCGTACACGTTT	CLQYDEYPYTF	IGKV14S9*01	*	IGKJ2-3*01	IGKC
1	1.538462e-03	TGTGCAAGACACGAGCCCCACTTTGATTACTGG	CARHEPHFDYW	IGHV5-17*01	IGHD1-1*01	IGHJ2*01	*
1	1.538462e-03	AGACGTGTGCTCTTCCGATCTCTGAGGTGG	partial	*	*	IGHJ2*01	*
1	1.538462e-03	ACTACGGGTACCCCCTTTGATTACTGG	partial	*	*	IGHJ2*01	*
1	1.538462e-03	GGTGATGGTACTTATTACTACAAAGATTACTGG	partial	*	*	IGHJ2*01	*
1	1.538462e-03	ACTACGGTAGCTACCCTCTTTGATTACTGG	partial	*	*	IGHJ2*01	*
1	1.538462e-03	TGTCTGCAGTATGGCTCCATTCACACGTTT	CLQYGSIHTF	IGKV6S8*01	*	IGKJ2-3*01	IGKC
1	1.538462e-03	CCCGTCCATTTTGATTACTGG	partial	*	*	IGHJ2*01	IGHM*01
1	1.538462e-03	TGTCTACAGCGTTATAGTAATCCGAACACGTTT	CLQRYSNPNTF	IGKV12S16*01	*	IGKJ2-3*01	IGKC
1	1.538462e-03	TGTCAGCAGAGTAGGAATGATCCGTACACGTTT	CQQSRNDPYTF	IGKV3S5*01	*	IGKJ2-3*01	IGKC
1	1.538462e-03	TGTACAGCGCCTGGGAGCTGGAACTACTTTGATTACTGG	partial	*	*	IGHJ2*01	*
1	1.538462e-03	TACTGTGCAAGACAGGGGCTACCCGGGTATTGGGCTTACTGG	YCARQGLPGYWAYW	IGHV5-17*01	IGHD1-4*01	IGHJ3*01	*
1	1.538462e-03	TGTGCAAGAGGATGGTACTTATTACAATCCCCCTTTGCTTACTGG	CARGWYLLQSPFAYW	IGHV4-2*01	IGHD1-12*02	IGHJ3*01	*
1	1.538462e-03	AGTGGTGACGGGTTTGCTTACTGG	SGDGFAYW	IGHV1-24*01	IGHD1-1*01	IGHJ3*01	*
1	1.538462e-03	TGTGCCAGAGAGGATTACTATAGCGGCTTTGATTACTGG	CAREDYYSGFDYW	IGHV2-70*01	IGHD1-2*01	IGHJ2*01	*
1	1.538462e-03	TACTGTGCAAAATGGGACTACTGG	YCAKWDYW	IGHV5-54*01	IGHD1-7*01	IGHJ3*01	*
1	1.538462e-03	TGTACAAGGGGACTACGGGTATACTCCTTTGATTACTGG	CTRGLRVYSFDYW	IGHV10-11*01	IGHD1-9*01	IGHJ2*01	*
1	1.538462e-03	GCCTCGTCTACGGAGGGTCCCCATTACTGG	partial	*	*	IGHJ2*01	*
1	1.538462e-03	AGCTATATCTACCCCTAATAGTACTACTTTGATTACTGG	partial	*	*	IGHJ2*01	*
1	1.538462e-03	TGTGCTCGGGGGAACTGGGCCCTCTACTACTTTGATTACTGG	CARGNWALYYFDYW	IGHV8-20*01	IGHD4-5*01	IGHJ2*01	*
1	1.538462e-03	TGTGCTCGGAAGGATTACGGAGGGTATGGAGACTGG	CARKDYGGYGDW	IGHV8-20*01	IGHD1-11*01	IGHJ2*01	*
1	1.538462e-03	TACTGTGCAGCACATGAGTTGGCAACTGGGGTACTCTGG	YCAAHELATGVLW	IGHV5-61*01	IGHD1-7*01	IGHJ2*01	*
1	1.538462e-03	AGACTCAGAATTCGGGGTACCTTTGATTACTGG	partial	*	*	IGHJ2*01	*
1	1.538462e-03	TGCGTGCAAGGTACCCATGCTCCGTACACGTTT	CVQGTHAPYTF	IGKV2S23*01	*	IGKJ2-3*01	IGKC
1	1.538462e-03	TACTGTACGGGGTATGGGTTTGCTTACTGG	YCTGYGFAYW	IGHV10-5*01	IGHD1-7*01	IGHJ3*01	*
1	1.538462e-03	CAGCCTACGGAGGGTCTCTACTACTTTGATTACTGG	partial	*	*	IGHJ2*01	*
1	1.538462e-03	TACTGTGCCAGAGGGGGTCCTCGGGCTTACTGG	YCARGGPRAYW	IGHV2-32*01	IGHD4-4*01	IGHJ3*01	*
1	1.538462e-03	GCCAGAGAACTGGGAGGGTACTTTGACTTCTGG	partial	*	*	IGHJ1*01	*
1	1.538462e-03	AGACGTGTGCTCTTCCGATCTCGCTGGGGTTACTGG	partial	*	*	IGHJ2*01	*
1	1.538462e-03	GCAAGACATCGAGAACAACTACGGCGGTTTGTTTACTGG	partial	*	*	IGHJ3*01	*
1	1.538462e-03	AGGTACTACAGTGGTGACTACTTTGATTACTGG	partial	*	*	IGHJ2*01	*
1	1.538462e-03	TAGTGTGCAAAGGCCTGGGGTCACTACTTTGATTACTGG	_CAKAWGHYFDYW	IGHV5-50*01	IGHD1-1*01	IGHJ2*01	*
1	1.538462e-03	GCAAATTCCGGTAGCCCGTACTACTTTGATTACTGG	partial	*	*	IGHJ2*01	*
1	1.538462e-03	AGATATGGGGCTACGGAGGGTATAGGGGATTACTGG	partial	*	*	IGHJ2*01	*
1	1.538462e-03	GCAAGACATCGGACATACCCGGGGGACTGG	partial	*	*	IGHJ2*01	*
1	1.538462e-03	TGTACAAGAGGGGGAGCGGTGGACTGG	CTRGGAVDW	IGHV5-46*01	IGHD1-5*01	IGHJ2*01	*
1	1.538462e-03	TACTGTACCAGAGGGGGTGTGATGGCTTACTGG	YCTRGGVMAYW	IGHV2-32*01	IGHD4-4*01	IGHJ3*01	*
1	1.538462e-03	GGATACTACGGGTATACCTGGTGGTACTTTGATTACTGG	partial	*	*	IGHJ2*01	*
1	1.538462e-03	TGTCAGCAGTGGAGTAGTAACCCGTACACGTTT	CQQWSSNPYTF	IGKV4S5*01	*	IGKJ2-3*01	IGKC
1	1.538462e-03	AGTGACTGGAGTTCAGACGTGTGCTCTTCCGATCTCTGG	partial	*	*	IGHJ2*01	*
1	1.538462e-03	TACTGTGCCAGAGGAGGGCGGTACTTTGATTACTGG	YCARGGRYFDYW	IGHV2-30*01	IGHD1-1*01	IGHJ2*01	*
1	1.538462e-03	TTCTGTGCAAGAAACTTTGATTACTGG	FCARNFDYW	IGHV1-24*01	IGHD1-1*01	IGHJ2*01	*
1	1.538462e-03	TACTGTACCAACTACTACTTTGATTACTGG	YCTNYYFDYW	IGHV2-13*01	IGHD1-10*01	IGHJ2*01	*
1	1.538462e-03	CTATATCCCTACTTTGATTACTGG	partial	*	*	IGHJ2*01	IGHM*01
1	1.538462e-03	TGTCAACAGAGTTACAGCAGCCCGTACACGTTT	CQQSYSSPYTF	IGKV5S10*01	*	IGKJ2-3*01	IGKC
1	1.538462e-03	TGTACAACAGATCAGGGTGGGCCCCTCTTTGATTACTGG	CTTDQGGPLFDYW	IGHV5-20*01	IGHD1-5*01	IGHJ2*01	*
1	1.538462e-03	TGCCAGCAGTACTATAACTTTCCGGACACGTTT	CQQYYNFPDTF	IGKV8S4*01	*	IGKJ2-3*01	IGKC
1	1.538462e-03	TTTTGTGCTCTTCTGGGTTACTACTTTGATTACTGG	FCALLGYYFDYW	IGHV1-11*01	IGHD4-6*01	IGHJ2*01	IGHM*01
1	1.538462e-03	AGACATAATTCGGGGTGGTTTGCTTACTGG	partial	*	*	IGHJ3*01	*
1	1.538462e-03	TCCCGCGGAGGGTATAGTTCCGCAGCTTACTGG	partial	*	*	IGHJ3*01	*
1	1.538462e-03	TAAGATGTTATGGATGCCTGG	partial	*	*	IGHJ4*01	IGHM*01
1	1.538462e-03	TACAGCACTCCTCGGCTGGGAGCCCGGTTTGCTTACTGG	partial	*	*	IGHJ3*01	*
1	1.538462e-03	TGTCTACAGTATGATGAGTATCCGAACACGTTT	CLQYDEYPNTF	IGKV14S9*01	*	IGKJ2-3*01	IGKC
1	1.538462e-03	ACTACAGTGGATTACTGG	partial	*	*	IGHJ2*01	IGHM*01
1	1.538462e-03	TGTCAGCAGTATTATGATACTCCGTACACGTTT	CQQYYDTPYTF	IGKV8S5*01	*	IGKJ2-3*01	IGKC
1	1.538462e-03	TGTTAACTACCCGGGTATAACTACGGGTGGTACTTTGACTTCTGG	partial	*	*	IGHJ1*01	*
1	1.538462e-03	GCAAGTACGGAGGGTATAGGGTACTTTGATTACTGG	partial	*	*	IGHJ2*01	*
1	1.538462e-03	AGACACGGCTTTGATTACTGG	partial	*	*	IGHJ2*01	IGHM*01
1	1.538462e-03	CCAGGGGACAACTCACTTGATTACTGG	partial	*	*	IGHJ2*01	*
1	1.538462e-03	TGCTTCCAAGCTACACATGATCCGTACACGTTT	CFQATHDPYTF	IGKV1S30*01	*	IGKJ2-3*01	IGKC
1	1.538462e-03	TGTGCGCGGCATTATAGCTCTCTGTACACGTTT	CARHYSSLYTF	IGKV7S1*01	*	IGKJ2-3*01	IGKC
1	1.538462e-03	TGTCAAAATGGTTTAAGTGCCCCGTACACGTTT	CQNGLSAPYTF	IGKV12S29*01	*	IGKJ2-3*01	IGKC
1	1.538462e-03	AGCCCTCCTACGGAGGGTCCCCTTGATTACTGG	partial	*	*	IGHJ2*01	*
1	1.538462e-03	TGCCAACAGTATTATAACTTTCCGTACACGTTT	CQQYYNFPYTF	IGKV8S4*01	*	IGKJ2-3*01	IGKC
1	1.538462e-03	ACCAGAGATGGGGATTACTATAGCAGCTATGGGTTTGCTTACTGG	partial	*	*	IGHJ3*01	*
1	1.538462e-03	GGCACTGGCTACTACTTTGATTACTGG	partial	*	*	IGHJ2*01	IGHM*01
1	1.538462e-03	TTCTGTGCAAGATCACTAACTGGGTTTGCTTACTGG	FCARSLTGFAYW	IGHV1-24*01	IGHD1-4*01	IGHJ3*01	*
1	1.538462e-03	TGTGCAACAGATTACCCTAACTGGGAGAGGCCCATTGGGTTTGCTTACTGG	CATDYPNWERPIGFAYW	IGHV5-19*01	IGHD5-1*01	IGHJ3*01	*
1	1.538462e-03	TACTGTGCAACAGATGCGGAGTACTGG	YCATDAEYW	IGHV5-19*01	IGHD4-3*01	IGHJ2*01	*
1	1.538462e-03	TGGGGCTATAGCAGCTCCCCCTTTGATTACTGG	partial	*	*	IGHJ2*01	*
1	1.538462e-03	TGTGCAAAAGCCACATACTACGGGTCCCCGTTTGCTTACTGG	CAKATYYGSPFAYW	IGHV5-58*01	IGHD1-9*01	IGHJ3*01	*
1	1.538462e-03	TACTGTGCAACCGGTACTATAGCAGCTATCCTTGCTTACTGG	YCATGTIAAILAYW	IGHV5-19*01	IGHD1-2*01	IGHJ3*01	*
1	1.538462e-03	TGCATGCAAGCTACCCATGCTCCGTACACGTTT	CMQATHAPYTF	IGKV2S23*01	*	IGKJ2-3*01	IGKC
1	1.538462e-03	TGCTACCAAGGTACACATTATGCGTACACGTTT	CYQGTHYAYTF	IGKV1S30*01	*	IGKJ2-3*01	IGKC
1	1.538462e-03	ACTACGGGTCCCCACTACTTTGATTACTGG	partial	*	*	IGHJ2*01	*
1	1.538462e-03	TGTCTACAGTATAAACAGTATCCGTACACGTTT	CLQYKQYPYTF	IGKV14S9*01	*	IGKJ2-3*01	IGKC
1	1.538462e-03	TACTGTGCAAGCACATACTACGGGTACCCCGATTACTGG	YCASTYYGYPDYW	IGHV1-32*01	IGHD1-9*01	IGHJ2*01	*
1	1.538462e-03	TGTCAGCAGGGAAGTAGTTACCCGTACACGTTT	CQQGSSYPYTF	IGKV4S5*01	*	IGKJ2-3*01	IGKC
1	1.538462e-03	ACTACAGTGGTGGAGGTGGGCGATTACTACTTTGATTACTGG	partial	*	*	IGHJ2*01	*
1	1.538462e-03	TACTGTGCAAGACATGAGGACTGG	YCARHEDW	IGHV5-17*01	IGHD4-2*01	IGHJ2*01	*
1	1.538462e-03	TGCCTGCAGCATTACAGCTCTCCGTACACGTTTGGAGAGCTGTAA	partial	IGKV8S9*01	*	*	IGKC
1	1.538462e-03	TGTGCAACACACTACTTTGATTACTGG	CATHYFDYW	IGHV5S10*01	IGHD1-1*01	IGHJ2*01	IGHM*01
1	1.538462e-03	ATATCCTTTTTAGATTACTGG	partial	*	*	IGHJ2*01	IGHM*01
1	1.538462e-03	TTCTGTACCAGAGATCCTTACTGG	FCTRDPYW	IGHV2-15*01	IGHD2-5*01	IGHJ2*01	*
1	1.538462e-03	TTCTGTACCAGATCGTACTATAGCAGCTCCTTGTTTGCTTACTGG	FCTRSYYSSSLFAYW	IGHV2-1*01	IGHD1-2*01	IGHJ3*01	*
1	1.538462e-03	TCACTCCCTTACTTTGATTACTGG	partial	*	*	IGHJ2*01	IGHM*01
1	1.538462e-03	TACTGTGCAAGAGGAGGGAACAGTGGGCATTACTGG	YCARGGNSGHYW	IGHV1-32*01	IGHD1-11*01	IGHJ2*01	*
1	1.538462e-03	TACTGTGCTCGGATAGCAGTGCCCGACTACTTTGATTACTGG	YCARIAVPDYFDYW	IGHV8-20*01	IGHD3-3*01	IGHJ2*01	*
1	1.538462e-03	GCAAGCGCCTTAGGGGGATACTTTGATTACTGG	partial	*	*	IGHJ2*01	*
1	1.538462e-03	TGCATGCAATTTACCCATTATCCGAACACGTTT	CMQFTHYPNTF	IGKV2S20*01	*	IGKJ2-1*01	IGKC
1	1.538462e-03	GGAGACCTAGACCTCTTTGATTACTGG	partial	*	*	IGHJ2*01	IGHM*01
1	1.538462e-03	TACTGTGCAAGAGCGGATACTACGGGTATACCTACGGTTTGCTTACTGG	out_of_frame	IGHV5-17*01	IGHD1-9*01	IGHJ3*01	*
1	1.538462e-03	TGTCTGCAGTATGGCTCCATGTACACGTTT	CLQYGSMYTF	IGKV6S8*01	*	IGKJ2-3*01	IGKC
1	1.538462e-03	GGAGATTGGTTTGCTTACTGG	partial	IGHV5-33*01	*	IGHJ3*01	*
1	1.538462e-03	GTTAATTTCTTTGATTACTGG	partial	*	*	IGHJ2*01	IGHM*01
1	1.538462e-03	TACTGTGCCAGCCGGACGGGTTACTGG	YCASRTGYW	IGHV2-30*01	IGHD4-3*01	IGHJ2*01	*
1	1.538462e-03	TGTATACTTTGATTACTGG	partial	*	*	IGHJ2*01	*
1	1.538462e-03	GAAGCCCTAACTACGGAGGGTATAGAAAGGGATTACTGG	partial	*	*	IGHJ2*01	*
1	1.538462e-03	TGCCTGCAGCATTACAGCTCTCCGAACACGTTT	CLQHYSSPNTF	IGKV8S9*01	*	IGKJ2-3*01	IGKC
1	1.538462e-03	TGCGGCCAAGGTACACAGTATCCGTACACGTTT	CGQGTQYPYTF	IGKV2S23*01	*	IGKJ2-3*01	IGKC
1	1.538462e-03	TGTCAGCAGGGAAGTAGTTACCCAAACACGTTT	CQQGSSYPNTF	IGKV4S5*01	*	IGKJ2-3*01	IGKC
1	1.538462e-03	TGTGCAAGAGTTAGCAACGCCTGG	CARVSNAW	IGHV4-2*01	IGHD1-12*01	IGHJ2*01	IGHM*01
1	1.538462e-03	ATCGGGGAGGGGGGCTGG	partial	*	*	IGHJ2*01	IGHM*01
